1773993600000,-0.066,0.0143,1.0097
1773993600050,-0.0011,-0.0242,1.0552
1773993600100,0.0412,0.0801,1.1254
1773993600150,0.1304,0.1075,0.9668
1773993600200,0.0186,-0.0173,1.0902
1773993600250,0.0826,0.2004,1.1463
1773993600300,0.0795,0.036,1.1044
1773993600350,0.0395,0.0773,1.1595
1773993600400,0.1157,0.0897,1.2118
1773993600450,0.0985,0.2055,1.2115
1773993600500,0.1016,0.2369,1.2491
1773993600550,0.112,0.1354,1.2757
1773993600600,0.1608,0.2271,1.2923
1773993600650,0.0973,0.3172,1.2983
1773993600700,0.1974,0.2452,1.2859
1773993600750,0.1441,0.2732,1.2742
1773993600800,0.1261,0.2143,1.2758
1773993600850,0.2618,0.1983,1.2833
1773993600900,0.1937,0.186,1.344
1773993600950,0.0258,0.2135,1.3207
1773993601000,0.2127,0.1606,1.3467
1773993601050,0.2086,0.2626,1.219
1773993601100,0.0684,0.2934,1.2554
1773993601150,0.1645,0.2209,1.2619
1773993601200,0.1643,0.2215,1.1587
1773993601250,-0.0242,0.2555,1.1774
1773993601300,0.0049,0.2454,1.1407
1773993601350,0.079,0.1681,1.0396
1773993601400,0.0839,0.2477,1.0759
1773993601450,0.0057,0.1793,1.0734
1773993601500,-0.0809,0.2372,1.0331
1773993601550,0.065,0.2323,1.0012
1773993601600,-0.1256,0.2512,1.0274
1773993601650,-0.0581,0.0875,1.0113
1773993601700,-0.0545,0.0618,0.8987
1773993601750,0.0152,0.0981,0.9191
1773993601800,-0.1175,0.0018,0.9064
1773993601850,-0.0334,0.0796,0.8483
1773993601900,-0.0563,0.168,0.8561
1773993601950,-0.0279,0.0361,0.773
1773993602000,-0.1834,0.1247,0.7282
1773993602050,-0.1962,0.0388,0.7818
1773993602100,-0.1232,-0.0736,0.6533
1773993602150,-0.108,-0.038,0.6421
1773993602200,-0.2502,-0.0899,0.7049
1773993602250,-0.1064,-0.0844,0.7094
1773993602300,-0.1001,-0.0982,0.7501
1773993602350,-0.0939,-0.1601,0.806
1773993602400,-0.167,-0.1088,0.7176
1773993602450,-0.1798,-0.1423,0.7254
1773993602500,-0.1273,-0.1367,0.7466
1773993602550,-0.0533,-0.1397,0.8347
1773993602600,-0.1992,-0.1264,0.7351
1773993602650,-0.1669,-0.0874,0.7498
1773993602700,-0.0387,-0.2691,0.7288
1773993602750,-0.1276,-0.171,0.817
1773993602800,-0.1426,-0.275,0.8146
1773993602850,-0.1304,-0.2786,0.8095
1773993602900,-0.085,-0.3404,0.961
1773993602950,-0.0199,-0.268,0.9033
1773993603000,-0.1049,-0.3355,0.8988
1773993603050,-0.0363,-0.2512,0.9481
1773993603100,0.0367,-0.2369,0.9444
1773993603150,-0.0382,-0.2347,1.0157
1773993603200,0.0665,-0.1733,1.0198
1773993603250,0.0088,-0.2796,1.0809
1773993603300,0.106,-0.2184,1.1143
1773993603350,0.1063,-0.2412,1.2337
1773993603400,0.0925,-0.2467,1.1912
1773993603450,0.0676,-0.2438,1.1969
1773993603500,0.0276,-0.2715,1.1898
1773993603550,0.0834,-0.1716,1.2469
1773993603600,0.1026,-0.2365,1.1842
1773993603650,0.0742,-0.2021,1.3418
1773993603700,0.2115,-0.1723,1.3804
1773993603750,0.1175,-0.0382,1.3511
1773993603800,0.2233,-0.1305,1.1922
1773993603850,0.0637,-0.0513,1.2545
1773993603900,0.2009,-0.1053,1.3961
1773993603950,0.1382,-0.1627,1.2914
1773993604000,0.0984,-0.1085,1.3707
1773993604050,0.1934,-0.1072,1.3305
1773993604100,0.095,-0.0548,1.3606
1773993604150,0.1072,-0.0855,1.303
1773993604200,0.1504,-0.0454,1.2685
1773993604250,0.0531,0.0433,1.2157
1773993604300,0.0575,0.0147,1.1744
1773993604350,0.1108,0.0277,1.1906
1773993604400,0.0625,0.0347,1.1436
1773993604450,0.1693,0.0878,1.1604
1773993604500,0.0129,0.2442,1.08
1773993604550,0.0385,0.147,1.0653
1773993604600,0.0362,0.101,1.1414
1773993604650,0.0744,0.1977,1.0216
1773993604700,0.0303,0.178,1.0143
1773993604750,-0.0547,0.1559,0.999
1773993604800,0.024,0.1917,0.9879
1773993604850,-0.0028,0.0647,0.9898
1773993604900,-0.0304,0.253,0.9101
1773993604950,0.0237,0.218,0.8907
1773993605000,-0.1496,0.1844,0.8912
1773993605050,-0.026,0.2781,0.7732
1773993605100,-0.1171,0.2701,0.7303
1773993605150,-0.1606,0.2492,0.7863
1773993605200,-0.1369,0.3147,0.7818
1773993605250,-0.0001,0.2106,0.6913
1773993605300,-0.2198,0.278,0.7446
1773993605350,-0.151,0.2352,0.7211
1773993605400,-0.1893,0.1991,0.6977
1773993605450,-0.0849,0.1753,0.6981
1773993605500,-0.1925,0.2588,0.7612
1773993605550,-0.104,0.1597,0.7688
1773993605600,-0.1287,0.2952,0.7599
1773993605650,-0.1092,0.2399,0.7507
1773993605700,-0.1901,0.2369,0.691
1773993605750,-0.0866,0.088,0.7359
1773993605800,-0.1181,0.1711,0.7793
1773993605850,-0.1793,0.1308,0.7262
1773993605900,-0.0937,0.1477,0.753
1773993605950,-0.0689,0.1101,0.8405
1773993606000,-0.0049,0.0851,0.773
1773993606050,-0.0431,0.1167,0.9305
1773993606100,-0.0044,0.0933,0.8651
1773993606150,0.0368,0.0264,0.907
1773993606200,-0.0059,-0.0891,1.0087
1773993606250,-0.0268,0.0767,1.0308
1773993606300,-0.0704,-0.0679,1.0196
1773993606350,0.0073,-0.0299,1.0281
1773993606400,0.0144,-0.0918,1.0364
1773993606450,0.0332,-0.1202,1.1525
1773993606500,0.0516,-0.0932,1.2248
1773993606550,0.0614,-0.1154,1.0917
1773993606600,0.0754,-0.1652,1.2788
1773993606650,0.1613,-0.1059,1.3118
1773993606700,0.1346,-0.1559,1.1865
1773993606750,0.0528,-0.1449,1.1949
1773993606800,0.1384,-0.2065,1.2338
1773993606850,0.0548,-0.1892,1.2444
1773993606900,0.1589,-0.1921,1.3439
1773993606950,0.1567,-0.2544,1.2399
1773993607000,0.2229,-0.2952,1.3051
1773993607050,0.1154,-0.1025,1.3156
1773993607100,0.1284,-0.2575,1.2805
1773993607150,0.1032,-0.2627,1.3182
1773993607200,0.1766,-0.2031,1.3421
1773993607250,0.2038,-0.3182,1.2681
1773993607300,0.1867,-0.3042,1.2829
1773993607350,0.129,-0.2637,1.224
1773993607400,0.0692,-0.291,1.2601
1773993607450,0.0707,-0.2304,1.266
1773993607500,0.1386,-0.2287,1.1846
1773993607550,0.0419,-0.251,1.2223
1773993607600,0.0745,-0.3087,1.1262
1773993607650,0.0465,-0.1186,1.1414
1773993607700,0.0886,-0.2103,1.1766
1773993607750,0.033,-0.1685,1.0241
1773993607800,0.0245,-0.2819,1.0737
1773993607850,0.0193,-0.1461,0.9792
1773993607900,-0.069,-0.2084,0.9385
1773993607950,0.0104,-0.1223,0.9418
1773993608000,-0.0827,-0.113,0.9182
1773993608050,-0.0294,-0.1582,0.8756
1773993608100,-0.0443,-0.1048,0.8508
1773993608150,-0.0254,-0.1266,0.7514
1773993608200,-0.0626,-0.0843,0.9512
1773993608250,-0.1867,0.0056,0.7529
1773993608300,-0.0987,0.0166,0.7582
1773993608350,-0.2086,0.005,0.7078
1773993608400,-0.0809,0.0108,0.7846
1773993608450,-0.1622,0.0638,0.7213
1773993608500,-0.2044,-0.0337,0.7236
1773993608550,-0.0839,0.0843,0.6523
1773993608600,-0.1963,-0.0203,0.75
1773993608650,-0.1686,0.0782,0.7365
1773993608700,-0.0769,0.1394,0.6592
1773993608750,-0.1414,0.0812,0.7401
1773993608800,-0.1544,0.0515,0.7667
1773993608850,-0.1508,0.1265,0.7014
1773993608900,-0.2524,0.1973,0.789
1773993608950,-0.2008,0.2137,0.7259
1773993609000,0.0181,0.1687,0.7651
1773993609050,-0.0587,0.2331,0.8135
1773993609100,-0.1049,0.227,0.7198
1773993609150,-0.1686,0.1915,0.8026
1773993609200,-0.0025,0.2497,0.8862
1773993609250,-0.0348,0.2875,0.9505
1773993609300,-0.0474,0.2031,1.0191
1773993609350,-0.0037,0.1477,0.9887
1773993609400,-0.0145,0.1565,1.011
1773993609450,-0.0513,0.204,0.9406
1773993609500,-0.0218,0.2295,1.029
1773993609550,-0.0077,0.3399,1.158
1773993609600,0.0085,0.2516,1.163
1773993609650,0.0605,0.2519,1.148
1773993609700,0.0616,0.1147,1.0765
1773993609750,0.15,0.2173,1.2327
1773993609800,0.1253,0.204,1.1964
1773993609850,0.1648,0.2357,1.1798
1773993609900,0.0805,0.177,1.255
1773993609950,0.1565,0.1901,1.2064
1773993610000,0.1761,0.1821,1.2304
1773993610050,0.1223,0.1545,1.2684
1773993610100,0.2102,0.17,1.224
1773993610150,0.2279,0.1499,1.304
1773993610200,0.1053,0.0845,1.3391
1773993610250,0.198,0.1063,1.2476
1773993610300,0.1293,0.0711,1.2611
1773993610350,0.2082,0.0123,1.3585
1773993610400,0.1607,0.0252,1.3056
1773993610450,0.118,0.0344,1.2819
1773993610500,0.0964,-0.048,1.2331
1773993610550,0.106,-0.0506,1.3176
1773993610600,0.0783,-0.0583,1.21
1773993610650,0.1463,-0.1412,1.2119
1773993610700,0.0221,-0.0329,1.1301
1773993610750,0.0709,-0.1843,1.1175
1773993610800,0.1499,-0.1806,1.0271
1773993610850,0.0808,-0.0974,1.0432
1773993610900,0.0478,-0.1123,1.0755
1773993610950,0.0328,-0.1813,0.9912
1773993611000,-0.0574,-0.3179,0.9249
1773993611050,-0.024,-0.1616,0.9059
1773993611100,-0.0289,-0.2202,0.9275
1773993611150,-0.0993,-0.2288,0.9681
1773993611200,-0.0222,-0.239,0.8993
1773993611250,-0.0074,-0.2297,0.8293
1773993611300,-0.0328,-0.2321,0.7882
1773993611350,-0.1485,-0.1685,0.8499
1773993611400,-0.1554,-0.2309,0.7916
1773993611450,-0.1358,-0.2874,0.7559
1773993611500,-0.2462,-0.2281,0.771
1773993611550,-0.1063,-0.2877,0.7639
1773993611600,0.0088,-0.339,0.6826
1773993611650,-0.1177,-0.2685,0.6607
1773993611700,-0.2056,-0.207,0.7152
1773993611750,-0.2038,-0.2174,0.7244
1773993611800,-0.1846,-0.2354,0.6167
1773993611850,-0.1568,-0.1941,0.7547
1773993611900,-0.1339,-0.2768,0.6906
1773993611950,-0.1288,-0.261,0.6785
1773993612000,-0.1998,-0.2748,0.7978
1773993612050,-0.153,-0.2017,0.6724
1773993612100,-0.0684,-0.1806,0.7826
1773993612150,-0.1134,-0.0008,0.7553
1773993612200,-0.0321,-0.1201,0.8773
1773993612250,-0.0989,-0.0919,0.722
1773993612300,-0.0149,-0.0649,0.7854
1773993612350,-0.0307,-0.099,0.8595
1773993612400,-0.0342,-0.0328,0.9239
1773993612450,-0.0397,-0.011,0.9309
1773993612500,-0.1146,0.0373,0.9022
1773993612550,-0.1444,-0.082,0.9664
1773993612600,-0.0305,-0.0439,1.0994
1773993612650,0.1028,0.1276,1.1339
1773993612700,0.0005,0.0771,1.1754
1773993612750,0.086,-0.0646,1.1685
1773993612800,0.0498,0.0772,1.125
1773993612850,0.0783,0.1614,1.1826
1773993612900,0.0812,0.1237,1.1562
1773993612950,0.1559,0.1431,1.1854
1773993613000,0.0599,0.0821,1.1302
1773993613050,0.2376,0.0988,1.2689
1773993613100,0.1254,0.1379,1.2303
1773993613150,0.0599,0.1815,1.3355
1773993613200,0.1313,0.2187,1.3255
1773993613250,0.1176,0.1772,1.2926
1773993613300,0.1394,0.1457,1.2692
1773993613350,0.006,0.2412,1.3044
1773993613400,0.1555,0.2757,1.3233
1773993613450,0.193,0.266,1.3143
1773993613500,0.1519,0.1935,1.2189
1773993613550,0.1932,0.1382,1.3806
1773993613600,0.0864,0.2472,1.257
1773993613650,0.0605,0.2943,1.2804
1773993613700,-0.0012,0.2134,1.1854
1773993613750,0.0438,0.194,1.1786
1773993613800,0.0773,0.2719,1.1818
1773993613850,0.1529,0.2893,1.3249
1773993613900,0.0552,0.2658,1.1595
1773993613950,0.0724,0.2346,1.0419
1773993614000,0.0101,0.1995,1.0295
1773993614050,-0.0176,0.1907,1.0698
1773993614100,-0.0374,0.1166,0.9935
1773993614150,0.1089,0.1826,0.989
1773993614200,-0.0588,0.1813,0.9098
1773993614250,0.0183,0.0998,0.9423
1773993614300,-0.1165,0.0894,0.9566
1773993614350,-0.0326,0.1428,0.9608
1773993614400,-0.1009,0.1204,0.9015
1773993614450,-0.0698,0.0596,0.7128
1773993614500,-0.1122,0.0766,0.8202
1773993614550,-0.1736,0.0048,0.6994
1773993614600,-0.0928,-0.0502,0.7523
1773993614650,-0.1395,-0.0386,0.7633
1773993614700,-0.1023,-0.0069,0.7143
1773993614750,-0.1197,-0.0982,0.6817
1773993614800,-0.1892,-0.0459,0.6978
1773993614850,-0.0711,-0.0965,0.6583
1773993614900,-0.1626,-0.1491,0.701
1773993614950,-0.1439,-0.0567,0.7293
1773993615000,-0.1244,-0.2523,0.7119
1773993615050,-0.1157,-0.0661,0.6651
1773993615100,-0.0543,-0.1916,0.6973
1773993615150,-0.076,-0.1291,0.6948
1773993615200,-0.1949,-0.2822,0.7201
1773993615250,-0.1519,-0.1005,0.734
1773993615300,-0.0971,-0.1523,0.7606
1773993615350,-0.036,-0.1996,0.7842
1773993615400,-0.1002,-0.1338,0.862
1773993615450,-0.0797,-0.0824,0.7915
1773993615500,-0.0782,-0.2267,0.9582
1773993615550,-0.0191,-0.2603,0.8994
1773993615600,0.0186,-0.2906,0.932
1773993615650,-0.0245,-0.2912,0.9608
1773993615700,-0.0395,-0.2416,0.9531
1773993615750,0.0273,-0.2823,1.1037
1773993615800,0.0309,-0.236,1.1302
1773993615850,0.0423,-0.2847,1.0846
1773993615900,0.0838,-0.2375,1.13
1773993615950,0.0476,-0.1574,1.077
1773993616000,0.0634,-0.1991,1.1685
1773993616050,0.136,-0.2378,1.2205
1773993616100,0.0916,-0.2811,1.1869
1773993616150,0.1502,-0.2043,1.2734
1773993616200,0.1241,-0.1408,1.1914
1773993616250,0.1342,-0.1039,1.2509
1773993616300,0.1272,-0.1844,1.2673
1773993616350,0.1564,-0.1402,1.3407
1773993616400,0.2094,-0.1036,1.2953
1773993616450,0.1111,-0.0712,1.237
1773993616500,0.1275,-0.1055,1.2975
1773993616550,0.1782,0.0309,1.3168
1773993616600,0.121,-0.0785,1.2851
1773993616650,0.143,-0.0737,1.3096
1773993616700,0.2101,-0.0875,1.3561
1773993616750,0.1091,0.0242,1.25
1773993616800,0.1528,0.0043,1.2404
1773993616850,0.2179,0.1053,1.1783
1773993616900,0.1252,0.0823,1.2208
1773993616950,-0.0012,-0.0555,1.1914
1773993617000,0.0344,0.1229,1.0742
1773993617050,-0.0083,0.1042,1.196
1773993617100,-0.014,0.1295,1.0233
1773993617150,0.1008,0.1786,1.1296
1773993617200,0.0626,0.1372,1.0582
1773993617250,0.0172,0.1192,1.0756
1773993617300,-0.0096,0.1899,1.0958
1773993617350,0.0073,0.1421,0.9632
1773993617400,0.0085,0.0992,0.8883
1773993617450,-0.0603,0.1519,0.9454
1773993617500,-0.0884,0.1825,0.8671
1773993617550,-0.1187,0.3034,0.9463
1773993617600,-0.1069,0.1343,0.787
1773993617650,-0.048,0.2357,0.8189
1773993617700,-0.0449,0.2708,0.7265
1773993617750,-0.1453,0.2381,0.6761
1773993617800,-0.1308,0.2331,0.7469
1773993617850,-0.1762,0.2168,0.7137
1773993617900,-0.1219,0.2465,0.7636
1773993617950,-0.1029,0.2409,0.7751
1773993618000,-0.1704,0.2334,0.7083
1773993618050,-0.1178,0.2348,0.6862
1773993618100,-0.1905,0.1876,0.6821
1773993618150,-0.1286,0.2812,0.7668
1773993618200,-0.1558,0.176,0.7026
1773993618250,-0.1609,0.1932,0.7234
1773993618300,-0.2467,0.1924,0.685
1773993618350,-0.1386,0.1066,0.7409
1773993618400,-0.0739,0.151,0.7802
1773993618450,-0.0308,0.0839,0.8172
1773993618500,-0.0799,0.0948,0.8727
1773993618550,-0.1135,0.0267,0.7855
1773993618600,-0.0818,0.1247,0.8566
1773993618650,0.0157,0.0058,0.8736
1773993618700,-0.0415,0.0859,0.9577
1773993618750,-0.1253,0.0478,0.9192
1773993618800,0.113,0.0525,0.8921
1773993618850,0.0321,0.057,1.0276
1773993618900,0.0438,0.0499,1.0249
1773993618950,0.0773,-0.0188,1.0214
1773993619000,-0.0177,-0.1156,1.0452
1773993619050,0.0636,-0.0157,1.0769
1773993619100,0.1721,-0.0765,1.1016
1773993619150,0.0823,-0.1343,1.1829
1773993619200,0.2045,-0.1807,1.2646
1773993619250,0.1249,-0.0805,1.2965
1773993619300,0.1706,-0.1947,1.3296
1773993619350,0.1837,-0.2079,1.2388
1773993619400,0.1953,-0.192,1.3251
1773993619450,0.1625,-0.193,1.2905
1773993619500,0.1403,-0.1862,1.2548
1773993619550,0.1105,-0.2318,1.3121
1773993619600,0.1413,-0.2953,1.2671
1773993619650,0.1851,-0.1572,1.3199
1773993619700,0.2037,-0.2662,1.296
1773993619750,0.0632,-0.3,1.2628
1773993619800,0.3057,-0.2375,1.2674
1773993619850,0.2069,-0.1628,1.2464
1773993619900,0.2123,-0.2424,1.3257
1773993619950,0.0779,-0.2169,1.1813
1773993620000,0.0765,-0.2388,1.2251
1773993620050,0.1565,-0.1381,1.2199
1773993620100,0.0401,-0.1876,1.1429
1773993620150,0.0594,-0.1882,1.1183
1773993620200,0.0377,-0.1894,1.0714
1773993620250,-0.0098,-0.2605,1.0695
1773993620300,0.0058,-0.233,1.0518
1773993620350,0.0111,-0.0954,0.9732
1773993620400,0.0275,-0.0775,0.9718
1773993620450,-0.0224,-0.2703,0.998
1773993620500,-0.0367,-0.1883,0.9166
1773993620550,-0.0072,-0.0868,0.938
1773993620600,-0.055,-0.1265,0.9082
1773993620650,-0.1384,-0.1144,0.8559
1773993620700,-0.0111,-0.1345,0.8259
1773993620750,-0.1139,-0.1195,0.8541
1773993620800,-0.0642,-0.029,0.773
1773993620850,-0.0737,-0.055,0.9067
1773993620900,-0.0796,-0.0396,0.7983
1773993620950,-0.2012,-0.0085,0.8204
1773993621000,-0.2202,0.0199,0.6939
1773993621050,-0.1445,0.091,0.7275
1773993621100,0.0094,-0.0451,0.7328
1773993621150,-0.0848,0.0831,0.7917
1773993621200,-0.1663,0.1324,0.6262
1773993621250,-0.1756,0.0719,0.7515
1773993621300,-0.2172,0.1755,0.6761
1773993621350,-0.169,0.1684,0.656
1773993621400,-0.1218,0.1142,0.6584
1773993621450,-0.1611,0.1221,0.7443
1773993621500,-0.1269,0.2096,0.6989
1773993621550,-0.0723,0.2973,0.8851
1773993621600,-0.0656,0.219,0.8285
1773993621650,-0.1469,0.0631,0.8297
1773993621700,0.0054,0.1723,0.7887
1773993621750,-0.0987,0.2257,0.8525
1773993621800,-0.0823,0.2721,0.9145
1773993621850,-0.0568,0.2215,0.9945
1773993621900,0.0133,0.2836,0.9571
1773993621950,0.0099,0.2223,0.9923
1773993622000,0.0004,0.3043,1.0636
1773993622050,-0.0011,0.3057,1.0307
1773993622100,0.0447,0.2347,1.0601
1773993622150,-0.0513,0.2483,1.0151
1773993622200,0.0245,0.2357,1.0996
1773993622250,0.05,0.1664,1.182
1773993622300,0.176,0.2488,1.194
1773993622350,0.17,0.2675,1.1861
1773993622400,0.0217,0.1096,1.1857
1773993622450,0.1263,0.2523,1.2933
1773993622500,0.0334,0.2317,1.2276
1773993622550,0.1762,0.0812,1.2613
1773993622600,0.1189,0.1755,1.2664
1773993622650,0.1628,0.1193,1.2663
1773993622700,0.1914,0.0082,1.262
1773993622750,0.1603,0.0495,1.3197
1773993622800,0.2454,0.0684,1.2857
1773993622850,0.1301,0.0152,1.2621
1773993622900,0.2219,-0.0281,1.2516
1773993622950,0.1623,0.0405,1.291
1773993623000,0.0902,-0.0215,1.2604
1773993623050,0.0795,-0.0176,1.2717
1773993623100,0.1315,-0.0092,1.2701
1773993623150,0.1049,-0.0778,1.1372
1773993623200,0.0138,-0.1133,1.1959
1773993623250,0.1166,-0.0399,1.2316
1773993623300,0.0226,-0.0873,1.0847
1773993623350,0.083,-0.0578,1.0996
1773993623400,0.0604,-0.1742,1.0639
1773993623450,0.0619,-0.0732,1.0486
1773993623500,0.0599,-0.1456,1.0688
1773993623550,-0.0007,-0.1655,0.992
1773993623600,-0.0105,-0.2201,1.0508
1773993623650,-0.0094,-0.2168,1.0051
1773993623700,-0.0236,-0.2525,0.8974
1773993623750,-0.1151,-0.2913,0.8225
1773993623800,-0.1079,-0.1875,0.7136
1773993623850,-0.1631,-0.2497,0.7447
1773993623900,-0.0314,-0.1631,0.8034
1773993623950,-0.0716,-0.1632,0.7533
1773993624000,-0.154,-0.3052,0.8168
1773993624050,-0.2191,-0.1787,0.7174
1773993624100,-0.0996,-0.1795,0.7997
1773993624150,-0.1989,-0.2919,0.7972
1773993624200,-0.1841,-0.217,0.7318
1773993624250,-0.1625,-0.2172,0.6696
1773993624300,-0.1171,-0.1926,0.7398
1773993624350,-0.1866,-0.2411,0.7256
1773993624400,-0.1596,-0.2653,0.6983
1773993624450,-0.1204,-0.1105,0.7473
1773993624500,-0.1535,-0.201,0.666
1773993624550,-0.1878,-0.2941,0.6876
1773993624600,-0.0873,-0.1268,0.7504
1773993624650,-0.1418,-0.1651,0.7641
1773993624700,-0.1496,-0.162,0.7854
1773993624750,-0.0651,-0.1495,0.713
1773993624800,-0.0508,-0.1211,0.8345
1773993624850,-0.0615,-0.0544,0.8163
1773993624900,0.0109,-0.0771,0.8356
1773993624950,-0.063,-0.064,0.8714
1773993625000,0.0029,-0.0138,0.9856
1773993625050,-0.0002,-0.0013,0.9943
1773993625100,-0.0063,-0.0156,1.0108
1773993625150,0.008,0.0032,0.9873
1773993625200,0.0029,-0.0131,0.9999
1773993625250,-0.0011,0.0026,0.9993
1773993625300,0.0075,0.0177,1.013
1773993625350,0.0033,0.0338,0.9942
1773993625400,0.0039,0.0001,0.9988
1773993625450,-0.0032,-0.0099,1.0245
1773993625500,-0.0072,-0.0069,0.994
1773993625550,-0.021,0.0005,1.0176
1773993625600,0.0136,0.0149,1.0023
1773993625650,0.0034,-0.0022,1.0137
1773993625700,0.0002,0.003,1.0004
1773993625750,-0.0195,-0.0073,1.002
1773993625800,-0.0108,-0.0082,0.9862
1773993625850,-0.0017,-0.0022,0.9911
1773993625900,-0.0072,0.0159,0.9927
1773993625950,0.0052,0.0131,1.014
1773993626000,0.0124,0.0019,1.0059
1773993626050,0.0124,-0.0116,0.9894
1773993626100,0.0065,-0.0104,0.9988
1773993626150,-0.0012,-0.0199,0.9996
1773993626200,0.0118,0.0022,0.983
1773993626250,0.0115,-0.0106,1.0119
1773993626300,-0.0087,0.0065,0.9824
1773993626350,-0.0015,0.0122,0.9981
1773993626400,-0.0144,-0.0042,1.0012
1773993626450,-0.0156,0.0098,1.0083
1773993626500,0.0044,0.014,0.9904
1773993626550,0.0129,-0.0063,0.9916
1773993626600,0.0096,0.0003,0.9921
1773993626650,-0.0041,0.0081,0.9979
1773993626700,0.0119,0.0166,1.0053
1773993626750,0.0041,0.0003,1.0124
1773993626800,0.0006,-0.0109,1.0102
1773993626850,0.0165,-0.0043,0.9999
1773993626900,0.0043,0.0014,0.9896
1773993626950,0.0004,0.0318,1.0023
1773993627000,0.0067,-0.0097,1.0099
1773993627050,-0.0033,-0.0019,1.0008
1773993627100,-0.0226,0.0034,1.0039
1773993627150,-0.0004,-0.0132,0.9909
1773993627200,0.0047,-0.009,0.9949
1773993627250,0.0045,-0.0126,0.9975
1773993627300,-0.0109,-0.0037,0.9931
1773993627350,0.0158,0.0183,1.0028
1773993627400,0.0069,-0.0076,1.0051
1773993627450,-0.0162,-0.0103,1.0038
1773993627500,0.0028,-0.0067,1.0056
1773993627550,-0.0069,-0.0043,0.9921
1773993627600,0.0204,0.0134,0.9946
1773993627650,-0.0071,-0.0025,0.9969
1773993627700,-0.0138,0.0187,0.9979
1773993627750,-0.0014,-0.0151,0.9919
1773993627800,0.0125,0.0051,1.0045
1773993627850,-0.007,-0.0064,1.0069
1773993627900,-0.0226,0.0037,0.9941
1773993627950,0.0127,-0.0054,0.9978
1773993628000,-0.0084,-0.0007,1.0051
1773993628050,0.0159,-0.0025,0.9981
1773993628100,-0.0053,-0.0033,1.0027
1773993628150,-0.0165,0.0035,1.0034
1773993628200,-0.0037,0.0125,1.0145
1773993628250,0.0066,0.0096,0.9987
1773993628300,-0.0105,0.0031,0.9946
1773993628350,-0.0029,-0.0108,0.9957
1773993628400,-0.0017,-0.0047,1.0156
1773993628450,0.0129,0.0026,0.9813
1773993628500,-0.0025,-0.0033,1.0018
1773993628550,-0.0106,0.0009,0.9887
1773993628600,-0.0071,-0.0035,0.9989
1773993628650,-0.0137,-0.0153,0.9874
1773993628700,-0.0018,0.0143,1.0151
1773993628750,-0.0089,0.0043,1.0202
1773993628800,-0.0036,-0.0082,1.0007
1773993628850,0.0067,-0.004,0.9957
1773993628900,-0.0077,0.0041,1.0029
1773993628950,0.0058,-0.0037,1.0093
1773993629000,-0.0185,-0.0172,1.0088
1773993629050,0.002,-0.0016,0.9873
1773993629100,0.0051,-0.0082,0.9902
1773993629150,-0.0289,0.0163,1.0058
1773993629200,0.0222,0.008,0.9976
1773993629250,0.0049,0.0004,0.993
1773993629300,-0.0069,0.0014,0.9963
1773993629350,-0.0009,0.0164,1.0091
1773993629400,0.0049,-0.0231,0.9981
1773993629450,0.0131,0.0117,0.9976
1773993629500,-0.0109,-0.0095,0.9863
1773993629550,-0.0083,-0.001,0.9959
1773993629600,-0.014,0.0023,0.9968
1773993629650,-0.0015,0.0091,0.9906
1773993629700,-0.0015,0.0069,1.0012
1773993629750,-0.0177,0.005,0.9939
1773993629800,0.0031,0.0016,0.9939
1773993629850,0.0022,0.0103,0.9989
1773993629900,0.0194,-0.0021,0.9958
1773993629950,0.009,0.0028,1.0078
1773993630000,-0.0038,0.012,0.9901
1773993630050,0.0176,0.0079,1.0044
1773993630100,-0.0204,0.0081,1.0066
1773993630150,-0.0146,0.0023,1.0008
1773993630200,-0.0031,-0.008,0.9971
1773993630250,0.0084,0.021,0.996
1773993630300,0.0117,0.0191,0.9886
1773993630350,-0.0016,0.0042,1.0081
1773993630400,0.0003,0.0034,0.9969
1773993630450,-0.0008,0.0015,1.0
1773993630500,-0.0131,-0.0022,1.0005
1773993630550,-0.0171,-0.0028,0.9933
1773993630600,0.0133,0.0032,1.0045
1773993630650,0.0208,0.004,0.9959
1773993630700,-0.0014,-0.0135,0.997
1773993630750,0.0055,0.0022,0.9927
1773993630800,0.0151,-0.0051,0.9914
1773993630850,-0.0327,0.0105,1.0078
1773993630900,-0.0069,0.004,0.9972
1773993630950,-0.0095,-0.0003,1.0151
1773993631000,-0.0081,-0.0128,0.9879
1773993631050,0.0042,-0.0156,0.9941
1773993631100,0.0256,0.0011,1.0034
1773993631150,0.0111,-0.0007,0.997
1773993631200,0.0226,0.0016,1.0077
1773993631250,-0.0179,0.0163,0.9892
1773993631300,-0.0097,0.0023,1.0053
1773993631350,-0.005,0.0159,1.0144
1773993631400,-0.0117,0.0017,0.9957
1773993631450,-0.008,0.0008,0.9961
1773993631500,-0.0053,-0.0142,0.994
1773993631550,-0.0003,0.0089,1.0074
1773993631600,-0.0066,-0.0031,0.985
1773993631650,0.0039,0.0061,0.9898
1773993631700,0.0043,-0.0046,1.0244
1773993631750,-0.018,-0.0045,0.9763
1773993631800,0.0174,-0.0115,0.9971
1773993631850,0.0115,0.0159,0.9958
1773993631900,0.0169,-0.0048,0.9964
1773993631950,-0.0147,0.0137,0.9947
1773993632000,-0.0,0.0144,0.9998
1773993632050,0.0141,-0.0191,1.0086
1773993632100,0.0264,-0.0061,0.9968
1773993632150,0.011,0.0071,1.0254
1773993632200,-0.0165,0.0013,1.0071
1773993632250,-0.0092,-0.0039,1.0029
1773993632300,-0.0068,-0.0097,1.0154
1773993632350,0.0004,-0.0068,1.0085
1773993632400,0.0186,0.0056,1.0126
1773993632450,-0.0095,-0.0122,1.004
1773993632500,-0.01,-0.0176,1.0049
1773993632550,0.0101,-0.0103,1.0017
1773993632600,-0.0094,-0.0182,0.997
1773993632650,0.0079,-0.0068,1.0101
1773993632700,0.0072,-0.0159,1.0108
1773993632750,0.0098,-0.0067,0.9946
1773993632800,0.0046,-0.0063,0.9975
1773993632850,0.0028,-0.0029,1.005
1773993632900,-0.0062,-0.0142,1.003
1773993632950,-0.0009,-0.0063,0.9927
1773993633000,0.0039,-0.0076,1.0049
1773993633050,-0.0046,0.0028,0.9943
1773993633100,-0.003,-0.0045,0.9885
1773993633150,0.0144,0.0135,1.0076
1773993633200,-0.0051,0.0044,0.9875
1773993633250,0.0043,0.0024,1.0086
1773993633300,-0.0083,0.0027,0.9947
1773993633350,0.0069,-0.0027,0.9939
1773993633400,-0.001,0.0122,1.0048
1773993633450,0.0129,-0.0109,1.0086
1773993633500,0.0023,0.004,0.9952
1773993633550,0.0105,0.0017,1.0095
1773993633600,0.0072,0.0094,1.0182
1773993633650,-0.0038,-0.0322,0.9934
1773993633700,0.0033,0.0057,0.9978
1773993633750,0.0043,-0.0037,0.9981
1773993633800,-0.0041,-0.0091,0.9723
1773993633850,0.0016,0.0063,1.0025
1773993633900,-0.0226,0.0066,0.9907
1773993633950,0.0227,-0.0049,0.9873
1773993634000,-0.0035,0.0051,1.0064
1773993634050,0.0073,0.0049,1.0174
1773993634100,0.0242,-0.0008,0.9948
1773993634150,-0.0081,-0.0014,1.0001
1773993634200,-0.0123,0.0186,1.0053
1773993634250,-0.0088,-0.0246,1.0047
1773993634300,0.0041,0.0149,1.0039
1773993634350,-0.0045,0.0012,1.0164
1773993634400,-0.0043,0.0052,0.9864
1773993634450,-0.0005,-0.0134,0.9932
1773993634500,0.0047,-0.0021,1.0128
1773993634550,0.0032,0.0031,0.9906
1773993634600,-0.0088,0.0013,0.9883
1773993634650,0.0159,0.0046,1.0015
1773993634700,-0.0135,-0.0201,0.991
1773993634750,-0.0126,-0.009,0.9985
1773993634800,-0.0043,-0.004,0.9985
1773993634850,0.0011,-0.0016,1.0126
1773993634900,0.0027,0.0015,0.9953
1773993634950,0.0185,-0.0148,1.0061
1773993635000,-0.0034,0.0029,0.9881
1773993635050,-0.016,-0.0116,1.0001
1773993635100,0.0004,0.008,1.0084
1773993635150,0.0002,-0.0084,1.0048
1773993635200,-0.0008,-0.0008,0.9901
1773993635250,0.012,-0.0065,0.9848
1773993635300,-0.0025,-0.0073,0.9967
1773993635350,0.0081,-0.0037,1.0144
1773993635400,-0.0056,0.0154,0.9731
1773993635450,0.0047,-0.0029,0.9895
1773993635500,-0.0154,-0.0143,1.0027
1773993635550,-0.0065,-0.0017,1.0117
1773993635600,0.0034,0.0035,1.0081
1773993635650,-0.003,-0.0092,0.9891
1773993635700,-0.0013,-0.0137,0.9942
1773993635750,-0.013,-0.0119,1.009
1773993635800,0.0185,-0.0116,0.9752
1773993635850,-0.0074,0.014,1.0119
1773993635900,-0.0052,0.0049,0.9871
1773993635950,0.0055,0.0038,1.0027
1773993636000,0.0011,-0.012,1.0128
1773993636050,0.0049,-0.0102,0.9864
1773993636100,-0.007,-0.0001,0.9922
1773993636150,-0.0046,-0.0046,1.0095
1773993636200,-0.0031,0.0027,1.0106
1773993636250,-0.0134,0.0121,1.0028
1773993636300,-0.0108,0.001,1.0202
1773993636350,-0.0177,-0.0083,0.9886
1773993636400,0.0174,0.0024,0.9959
1773993636450,-0.015,0.0084,0.9976
1773993636500,0.0108,-0.0165,0.9963
1773993636550,-0.006,0.0035,1.0022
1773993636600,0.0074,0.007,0.9774
1773993636650,-0.0077,0.0071,1.0001
1773993636700,-0.0025,-0.0047,1.0029
1773993636750,-0.0099,-0.0065,1.0068
1773993636800,0.0117,-0.0049,1.0148
1773993636850,-0.0208,0.0099,1.003
1773993636900,0.014,0.0023,1.0154
1773993636950,-0.0065,-0.0092,0.9887
1773993637000,-0.0097,0.0134,1.007
1773993637050,-0.0003,-0.0004,1.0059
1773993637100,0.009,0.0189,0.9899
1773993637150,-0.0023,0.0038,1.0031
1773993637200,0.0037,-0.0036,0.9943
1773993637250,0.0082,0.0157,1.0087
1773993637300,-0.0031,0.0006,0.9921
1773993637350,0.0004,-0.0039,1.0054
1773993637400,0.0043,0.0006,0.9975
1773993637450,-0.0119,0.0029,1.0196
1773993637500,0.0017,-0.0229,1.004
1773993637550,-0.0019,-0.0063,0.9778
1773993637600,0.0237,-0.0039,0.9911
1773993637650,-0.0113,-0.0083,1.0122
1773993637700,0.0122,0.0184,1.0052
1773993637750,-0.0124,-0.0007,1.0106
1773993637800,0.0097,-0.0084,0.9818
1773993637850,0.0101,0.0031,1.0006
1773993637900,0.009,0.0168,1.0178
1773993637950,-0.0144,0.0029,1.007
1773993638000,-0.0024,0.0036,0.9929
1773993638050,-0.0029,0.0013,0.9989
1773993638100,0.0203,-0.0109,1.0164
1773993638150,-0.0045,-0.0042,1.0027
1773993638200,0.0158,-0.0066,0.9899
1773993638250,0.0099,0.0215,1.0259
1773993638300,-0.0106,-0.0028,0.9995
1773993638350,0.002,0.0028,1.0208
1773993638400,-0.0126,0.0096,0.9939
1773993638450,-0.0058,-0.0106,0.9866
1773993638500,-0.0005,0.004,0.9878
1773993638550,-0.0092,-0.0061,0.985
1773993638600,0.0081,-0.0036,1.0008
1773993638650,0.0023,-0.0083,1.0033
1773993638700,0.016,-0.0051,0.9843
1773993638750,-0.0046,-0.025,1.0103
1773993638800,0.0076,-0.0058,1.0085
1773993638850,-0.0312,0.0028,1.0148
1773993638900,-0.0044,-0.0084,0.9838
1773993638950,-0.0071,-0.0166,1.0198
1773993639000,0.0036,0.0109,1.0027
1773993639050,-0.0124,-0.0053,1.0006
1773993639100,-0.0058,-0.0135,1.0063
1773993639150,0.0105,-0.0016,0.9766
1773993639200,-0.0056,-0.0162,0.99
1773993639250,0.0156,0.011,0.9972
1773993639300,-0.0037,-0.0006,1.0015
1773993639350,0.0094,-0.0098,1.0005
1773993639400,0.0076,-0.0058,0.993
1773993639450,0.0044,-0.0082,1.0121
1773993639500,-0.002,-0.0084,0.9996
1773993639550,0.0107,-0.0144,0.9899
1773993639600,0.0146,0.0006,0.9796
1773993639650,-0.005,0.001,1.0025
1773993639700,0.0005,-0.0019,0.9972
1773993639750,0.0055,-0.0035,0.9974
1773993639800,-0.0093,0.0066,0.9988
1773993639850,-0.0054,0.0076,0.9986
1773993639900,0.0078,0.0076,1.0103
1773993639950,-0.0152,0.0066,1.0073
1773993640000,0.1,-0.1,1.1
1773993640050,0.1,-0.1,1.1
1773993640100,0.1,-0.1,1.1
1773993640150,0.1,-0.1,1.1
1773993640200,0.1,-0.1,1.1
1773993640250,0.1,-0.1,1.1
1773993640300,0.1,-0.1,1.1
1773993640350,0.1,-0.1,1.1
1773993640400,0.1,-0.1,1.1
1773993640450,0.1,-0.1,1.1
1773993640500,0.0304,-0.0158,0.0971
1773993640550,-0.0038,0.0151,0.072
1773993640600,0.0138,-0.0033,0.1118
1773993640650,-0.0228,-0.0147,0.1075
1773993640700,0.0414,0.0091,0.1153
1773993640750,-0.0209,-0.0097,0.1319
1773993640800,-0.0059,-0.0039,0.1018
1773993640850,-0.0419,0.0094,0.1432
1773993640900,-0.0076,-0.0205,0.1163
1773993640950,0.0028,-0.0228,0.0998
1773993641000,0.0067,-0.0237,0.1308
1773993641050,-0.0223,-0.0277,0.1117
1773993641100,-0.0295,0.0064,0.0922
1773993641150,0.0051,-0.018,0.108
1773993641200,1.2443,-1.5123,4.1977
1773993641250,1.0446,-1.3915,4.2386
1773993641300,1.2365,-1.4515,4.2345
1773993641350,1.0715,-1.4195,4.1712
1773993641400,1.1823,-1.5068,4.2488
1773993641450,1.126,-1.606,4.3218
1773993641500,-0.3385,0.2664,1.0926
1773993641550,-0.207,0.3711,1.2139
1773993641600,-0.0679,0.4005,1.2992
1773993641650,0.0563,0.3637,1.3495
1773993641700,0.1494,0.2783,1.3679
1773993641750,0.203,0.1661,1.3589
1773993641800,0.216,0.049,1.3281
1773993641850,0.1938,-0.0543,1.2815
1773993641900,0.1462,-0.1306,1.2249
1773993641950,0.0851,-0.1733,1.1639
1773993642000,0.0221,-0.1819,1.1032
1773993642050,-0.0329,-0.1613,1.0468
1773993642100,-0.0729,-0.1199,0.9976
1773993642150,-0.0945,-0.0679,0.9574
1773993642200,-0.0979,-0.0149,0.9273
1773993642250,-0.0858,0.0307,0.9074
1773993642300,-0.0629,0.0634,0.8972
1773993642350,-0.0345,0.0805,0.8955
1773993642400,-0.0061,0.0823,0.901
1773993642450,0.0181,0.0713,0.9119
1773993642500,0.0352,0.0514,0.9266
1773993642550,0.0438,0.0273,0.9435
1773993642600,0.0442,0.0035,0.9609
1773993642650,0.0378,-0.0166,0.9778
1773993642700,0.0269,-0.0305,0.993
1773993642750,0.0138,-0.0372,1.006
1773993642800,0.001,-0.0371,1.0162
1773993642850,-0.0096,-0.0314,1.0235
1773993642900,-0.0169,-0.0219,1.0279
1773993642950,-0.0202,-0.0108,1.0297
1773993643000,-0.0188,-0.0175,1.0103
1773993643050,-0.0058,0.0064,0.9638
1773993643100,-0.0038,-0.024,1.0003
1773993643150,0.0014,0.0213,1.0261
1773993643200,-0.0271,-0.0115,1.0399
1773993643250,-0.0099,-0.0317,1.0153
1773993643300,-0.0294,0.0148,1.0098
1773993643350,-0.0058,0.0077,0.9882
1773993643400,-0.0221,-0.0074,0.9685
1773993643450,0.0109,-0.0272,0.9871
1773993643500,0.0114,-0.0006,0.9616
1773993643550,0.0042,0.0007,1.015
1773993643600,-0.0328,-0.031,0.9699
1773993643650,-0.0073,0.0153,1.0178
1773993643700,0.0223,0.0269,1.007
1773993643750,-0.0008,0.0079,0.989
1773993643800,-0.0482,-0.0168,1.005
1773993643850,-0.0244,-0.0311,1.0228
1773993643900,-0.005,0.0065,1.0496
1773993643950,-0.0008,-0.0436,1.0067
1773993644000,-0.0264,-0.0084,0.9982
1773993644050,-0.0075,-0.0086,0.9842
1773993644100,-0.0239,0.0348,1.0205
1773993644150,0.0058,-0.0038,1.0179
1773993644200,0.0101,-0.0429,1.0103
1773993644250,0.0247,0.0236,0.9857
1773993644300,-0.0082,-0.0201,0.9564
1773993644350,0.0577,-0.0256,1.0053
1773993644400,0.0179,0.0209,0.9925
1773993644450,-0.0306,0.0181,1.0235
1773993644500,0.0058,-0.011,0.9862
1773993644550,-0.0079,0.0294,0.9864
1773993644600,0.015,0.0041,0.9928
1773993644650,0.0277,-0.0354,1.0085
1773993644700,-0.0059,-0.0211,0.9785
1773993644750,0.0133,0.0213,1.0064
1773993644800,-0.0126,0.0209,1.0157
1773993644850,0.004,0.0258,0.9847
1773993644900,0.0108,-0.0052,0.9548
1773993644950,-0.0038,0.017,1.0367
1773993645000,-0.0009,-0.0189,0.984
1773993645050,-0.0083,0.0079,0.9952
1773993645100,0.0173,-0.0015,0.9861
1773993645150,0.0221,0.018,0.9966
1773993645200,0.0201,0.0119,1.0033
1773993645250,-0.0281,-0.019,1.0147
1773993645300,0.0321,-0.0107,0.9831
1773993645350,-0.0175,0.0061,0.9887
1773993645400,-0.025,-0.0069,1.0382
1773993645450,0.0083,0.0117,1.0242
1773993645500,0.0194,-0.0233,0.9856
1773993645550,-0.0082,0.0076,0.9967
1773993645600,-0.0026,0.0101,0.9837
1773993645650,0.0472,0.0286,1.0104
1773993645700,-0.0157,0.0142,0.9875
1773993645750,-0.0055,-0.0046,0.9978
1773993645800,-0.0153,-0.0197,0.9765
1773993645850,0.0166,-0.0149,1.0196
1773993645900,-0.0465,0.0165,1.0107
1773993645950,-0.0002,0.0093,0.9985
1773993646000,0.0032,-0.0335,1.0288
1773993646050,-0.0027,-0.0038,1.0058
1773993646100,-0.017,0.0112,0.9816
1773993646150,-0.0086,-0.0267,1.0265
1773993646200,-0.0229,-0.029,1.0
1773993646250,0.0109,-0.0221,1.043
1773993646300,0.0099,0.0056,1.0399
1773993646350,0.0039,0.0231,1.0113
1773993646400,-0.0242,-0.0072,1.0059
1773993646450,0.0222,0.0172,1.0202
1773993646500,-0.0143,-0.0097,0.9728
1773993646550,-0.0085,-0.0235,1.0067
1773993646600,0.001,-0.0058,1.0093
1773993646650,0.0014,0.0403,0.9949
1773993646700,0.0161,0.0438,0.9967
1773993646750,0.0246,-0.0004,0.9938
1773993646800,0.0068,-0.0049,0.9988
1773993646850,-0.0172,0.0075,1.0082
1773993646900,-0.018,-0.0306,1.0
1773993646950,-0.0108,-0.0282,0.9884
1773993647000,-0.0047,0.0061,0.9762
1773993647050,-0.0193,0.008,0.9949
1773993647100,0.0137,-0.0227,1.0
1773993647150,-0.0151,0.0162,0.985
1773993647200,0.013,-0.0146,1.0093
1773993647250,0.0428,0.017,1.0198
1773993647300,0.0069,0.0079,0.9851
1773993647350,-0.0132,-0.0107,0.9819
1773993647400,-0.0178,0.0041,1.0009
1773993647450,0.015,0.0052,1.0089
1773993647500,-0.0104,-0.0164,1.0014
1773993647550,-0.0077,-0.0157,1.0207
1773993647600,0.0165,0.0186,0.9826
1773993647650,0.004,0.0109,0.9593
1773993647700,-0.0257,0.002,1.0049
1773993647750,0.0274,-0.0036,1.0156
1773993647800,-0.0228,0.0039,0.9855
1773993647850,-0.0395,0.0003,0.9996
1773993647900,0.0246,0.0125,1.036
1773993647950,0.0026,-0.0073,1.0433
1773993648000,-0.0157,-0.0071,0.9984
1773993648050,-0.0352,-0.0428,0.9891
1773993648100,0.0043,0.0032,0.9714
1773993648150,-0.0181,-0.0047,1.0592
1773993648200,0.0053,0.022,0.989
1773993648250,0.0173,-0.0001,0.994
1773993648300,-0.019,-0.005,1.0493
1773993648350,0.0072,0.0101,0.9895
1773993648400,-0.0062,0.0069,0.9775
1773993648450,0.0222,0.0093,1.0187
1773993648500,-0.0077,-0.0119,0.9936
1773993648550,-0.0171,-0.0075,1.0144
1773993648600,0.0365,0.0358,1.0005
1773993648650,-0.0153,-0.0351,0.998
1773993648700,-0.02,-0.0168,0.9932
1773993648750,0.0058,-0.0286,1.005
1773993648800,0.0051,-0.0235,1.0137
1773993648850,-0.0041,0.028,1.0083
1773993648900,-0.0225,0.036,1.0338
1773993648950,0.0248,-0.0352,0.9836
1773993649000,0.004,0.0011,0.9972
1773993649050,-0.0018,0.0253,1.0154
1773993649100,-0.0288,0.0079,1.0171
1773993649150,-0.0138,-0.0205,0.9816
1773993649200,0.0105,0.0063,1.01
1773993649250,-0.0152,-0.008,1.0036
1773993649300,0.0362,-0.0288,1.0254
1773993649350,0.031,0.0251,0.993
1773993649400,0.0077,-0.0015,0.9888
1773993649450,0.0083,-0.0053,0.9818
1773993649500,0.0049,-0.0176,1.0134
1773993649550,0.0107,-0.0006,0.9856
1773993649600,-0.0137,-0.0033,1.0072
1773993649650,-0.0094,-0.008,1.0075
1773993649700,0.0125,0.0077,0.9868
1773993649750,-0.0344,-0.04,0.9835
1773993649800,-0.0203,-0.0076,1.0049
1773993649850,-0.0026,0.0127,0.9977
1773993649900,-0.0142,0.0429,1.0281
1773993649950,-0.0136,-0.0086,1.0208
1773993650000,-0.0136,-0.0104,0.9769
1773993650050,-0.0151,-0.0172,1.023
1773993650100,-0.0366,0.0184,0.9818
1773993650150,0.0158,0.0072,0.9993
1773993650200,0.0259,0.0217,0.999
1773993650250,0.0063,-0.008,1.0216
1773993650300,-0.025,-0.0083,1.0299
1773993650350,-0.0215,0.0103,1.0361
1773993650400,-0.007,-0.0167,1.0089
1773993650450,-0.0342,-0.0187,1.0116
1773993650500,-0.0088,0.0187,1.0029
1773993650550,0.0064,-0.0056,0.9805
1773993650600,0.0142,0.0176,1.0141
1773993650650,-0.0021,0.0127,0.9604
1773993650700,0.0058,0.0081,1.0181
1773993650750,-0.0093,-0.0131,1.0041
1773993650800,-0.0032,0.0109,0.9988
1773993650850,-0.014,0.0075,0.9885
1773993650900,-0.0069,-0.0088,0.9928
1773993650950,0.0409,0.0027,1.0076
1773993651000,-0.0207,-0.0029,1.0037
1773993651050,0.0352,0.0644,1.0394
1773993651100,-0.0205,0.0117,0.992
1773993651150,0.01,-0.0155,1.0001
1773993651200,-0.0053,-0.0268,0.9719
1773993651250,0.0304,0.0016,0.9847
1773993651300,0.0153,0.0086,1.009
1773993651350,-0.0108,0.0183,0.9833
1773993651400,-0.035,-0.0191,0.981
1773993651450,0.0065,-0.0027,1.0048
1773993651500,-0.0261,-0.005,0.9632
1773993651550,-0.0038,0.0126,0.993
1773993651600,0.0115,0.016,0.9939
1773993651650,0.0176,0.0218,0.9805
1773993651700,-0.0244,0.0452,1.0059
1773993651750,0.0078,-0.034,0.9715
1773993651800,0.0042,-0.058,1.0263
1773993651850,0.0421,0.0376,0.9841
1773993651900,-0.0017,0.0022,0.9719
1773993651950,0.0279,0.0415,0.9685
1773993652000,-0.0147,0.0107,1.0081
1773993652050,-0.0169,0.0251,0.9958
1773993652100,-0.0233,0.0086,1.0077
1773993652150,-0.0147,-0.0281,0.9965
1773993652200,-0.0084,-0.0147,1.004
1773993652250,-0.007,0.008,1.0118
1773993652300,0.0162,0.0003,0.9942
1773993652350,-0.0428,-0.0291,0.9862
1773993652400,0.0228,-0.0009,0.9919
1773993652450,-0.0036,-0.0124,1.0008
1773993652500,-0.0179,-0.0096,0.9663
1773993652550,-0.0025,-0.0157,0.9697
1773993652600,-0.0236,-0.0135,1.0059
1773993652650,0.0031,-0.0092,1.0378
1773993652700,-0.0332,-0.0092,0.9942
1773993652750,-0.0009,-0.018,1.0187
1773993652800,-0.0197,0.0021,1.039
1773993652850,0.0095,-0.02,1.0051
1773993652900,0.0009,-0.0011,0.9633
1773993652950,0.0013,0.0192,1.0161
1773993653000,-0.0067,0.0261,1.0088
1773993653050,-0.0583,-0.0135,0.9808
1773993653100,-0.0132,-0.043,1.003
1773993653150,0.0129,-0.0201,0.9871
1773993653200,0.0015,-0.0106,0.9947
1773993653250,0.0008,-0.0201,1.015
1773993653300,-0.0075,0.0075,0.9857
1773993653350,-0.0268,-0.0424,0.9785
1773993653400,0.0012,-0.0038,0.9776
1773993653450,0.0193,-0.0267,0.9995
1773993653500,-0.0287,0.0061,1.0053
1773993653550,-0.0098,0.0018,1.0305
1773993653600,0.024,0.0353,0.9842
1773993653650,0.0318,0.002,1.009
1773993653700,0.0026,-0.0111,1.0198
1773993653750,-0.0393,-0.0097,0.9817
1773993653800,-0.0034,-0.0048,0.9979
1773993653850,0.0221,-0.037,0.9993
1773993653900,-0.0166,0.0005,0.9982
1773993653950,0.0555,-0.0039,1.0465
1773993654000,0.0024,0.0059,1.0054
1773993654050,0.0191,-0.0352,1.0113
1773993654100,0.0328,0.0273,1.0152
1773993654150,-0.0091,0.0088,0.9551
1773993654200,-0.0328,-0.0453,1.0117
1773993654250,-0.002,-0.0148,1.022
1773993654300,-0.0089,-0.0155,0.9824
1773993654350,0.0011,-0.0388,1.0183
1773993654400,-0.0093,-0.0079,1.0137
1773993654450,0.0155,-0.0118,1.0182
1773993654500,-0.0055,-0.0114,1.0074
1773993654550,0.0076,-0.0091,0.9799
1773993654600,0.0084,0.0198,0.9308
1773993654650,0.0164,0.0098,0.9709
1773993654700,-0.0507,-0.0282,1.0037
1773993654750,-0.0189,0.0085,1.0239
1773993654800,0.0018,0.0008,1.0183
1773993654850,-0.0349,0.024,0.9981
1773993654900,-0.0017,0.0037,0.9952
1773993654950,-0.0128,0.0112,1.0211
1773993655000,-0.0068,-0.0346,0.9871
1773993655050,-0.0024,0.0047,1.0521
1773993655100,0.0266,0.0218,0.9869
1773993655150,-0.0079,0.019,0.9977
1773993655200,-0.0213,0.0039,1.0103
1773993655250,-0.014,0.0139,0.9899
1773993655300,-0.0089,-0.0155,1.0167
1773993655350,0.003,-0.0266,1.0155
1773993655400,0.0098,-0.0128,1.0218
1773993655450,0.007,0.0024,1.0278
1773993655500,-0.0006,-0.0121,1.0134
1773993655550,-0.0239,0.0133,0.9981
1773993655600,0.0184,0.0005,1.0064
1773993655650,-0.011,-0.0141,0.9848
1773993655700,0.0222,0.0142,1.0116
1773993655750,0.0346,-0.0113,0.9905
1773993655800,-0.0141,-0.0097,0.9934
1773993655850,0.0146,-0.0136,0.9912
1773993655900,0.0111,-0.0124,0.9876
1773993655950,-0.0049,0.0412,0.9741
1773993656000,0.0094,0.0079,0.9841
1773993656050,0.0415,-0.0108,0.9627
1773993656100,-0.0322,0.0145,1.0277
1773993656150,-0.017,-0.0079,1.0167
1773993656200,0.0393,0.0022,0.9999
1773993656250,0.0195,0.0019,1.0108
1773993656300,-0.0468,0.0009,0.9646
1773993656350,0.0179,0.0187,1.0019
1773993656400,0.0099,-0.0163,1.0077
1773993656450,-0.008,-0.0043,0.9971
1773993656500,0.0398,0.0113,0.9911
1773993656550,0.0117,0.0339,0.9976
1773993656600,-0.0049,0.0223,0.9667
1773993656650,0.0137,-0.0197,1.0185
1773993656700,-0.006,-0.0121,0.9923
1773993656750,0.0049,-0.0136,1.0014
1773993656800,-0.0175,-0.0111,0.9659
1773993656850,-0.0031,-0.0327,1.0108
1773993656900,-0.0043,0.0412,1.0326
1773993656950,-0.0213,0.0135,1.0086
1773993657000,-0.0184,-0.0044,1.0122
1773993657050,-0.0084,-0.0185,0.9837
1773993657100,-0.0059,-0.0081,1.0013
1773993657150,-0.0008,-0.0142,1.0158
1773993657200,0.0285,-0.0244,0.996
1773993657250,-0.0201,-0.0119,1.04
1773993657300,-0.0059,0.0042,0.9978
1773993657350,-0.0122,0.0056,1.0373
1773993657400,-0.0476,-0.0076,1.0058
1773993657450,-0.035,-0.0041,0.9607
1773993657500,-0.0298,-0.0346,0.9873
1773993657550,-0.0201,0.0104,1.0088
1773993657600,-0.0136,-0.0238,0.9702
1773993657650,0.0054,0.0136,1.0039
1773993657700,0.0255,-0.0183,1.0141
1773993657750,0.0027,0.0433,1.0021
1773993657800,0.0033,0.0156,1.0105
1773993657850,-0.0139,-0.0005,0.9996
1773993657900,0.0433,0.0247,1.0071
1773993657950,-0.0143,0.011,1.0204
1773993658000,-0.0149,0.0293,1.018
1773993658050,-0.0101,-0.0,0.9832
1773993658100,-0.0012,-0.0057,0.9997
1773993658150,0.0149,0.025,0.9751
1773993658200,0.0009,0.0036,1.0219
1773993658250,0.0004,0.0215,1.0267
1773993658300,-0.0067,0.0275,0.9596
1773993658350,0.0344,-0.0024,0.9916
1773993658400,-0.0182,-0.0277,1.0064
1773993658450,0.0222,-0.006,1.0094
1773993658500,0.0176,0.0135,0.9986
1773993658550,-0.0141,-0.0343,1.0246
1773993658600,-0.0308,-0.0191,1.0108
1773993658650,0.0374,0.0032,0.9749
1773993658700,0.0157,-0.006,1.0255
1773993658750,0.0254,-0.0179,0.9663
1773993658800,0.0085,-0.0275,0.9631
1773993658850,0.0007,0.0143,0.9923
1773993658900,0.0002,0.0076,1.0045
1773993658950,-0.0011,-0.0197,1.0062
1773993659000,-0.0044,0.0198,0.9946
1773993659050,-0.0158,-0.0126,1.0011
1773993659100,-0.0184,0.0335,1.0073
1773993659150,-0.0221,0.0331,0.9697
1773993659200,-0.021,0.0057,0.9813
1773993659250,-0.0256,-0.0318,1.007
1773993659300,-0.0358,0.0096,1.0004
1773993659350,0.0084,0.01,0.9888
1773993659400,0.0343,0.0207,0.9622
1773993659450,-0.0289,-0.0135,0.9742
1773993659500,0.0446,-0.0364,0.9908
1773993659550,0.001,-0.0264,1.0043
1773993659600,0.0097,0.0109,0.9987
1773993659650,-0.0017,-0.0021,1.0135
1773993659700,-0.0137,-0.0306,1.0277
1773993659750,-0.0265,-0.0014,1.0266
1773993659800,0.0171,0.0035,0.9964
1773993659850,0.0295,-0.0015,1.0056
1773993659900,0.002,-0.0296,1.0095
1773993659950,-0.0309,0.0108,1.0146
